{"cameraMode":{"drawMode":0,"name":"Shaded","section":"Shading Mode"},"sceneLighting":true,"audioPlay":false,"sceneViewState":{"showFog":true,"showMaterialUpdate":false,"showSkybox":true,"showFlares":true,"showImageEffects":true,"showParticleSystems":true,"showVisualEffectGraphs":true,"m_FxEnabled":true},"in2DMode":false,"pivot":{"x":-0.03436516597867012,"y":0.7106510400772095,"z":-0.22263774275779725},"rotation":{"x":-0.0002975734241772443,"y":0.9687120318412781,"z":-0.24818846583366395,"w":-0.0011616117553785444},"size":7.9435906410217289,"orthographic":false}