{"cameraMode":{"drawMode":0,"name":"Shaded","section":"Shading Mode"},"sceneLighting":false,"audioPlay":false,"sceneViewState":{"showFog":true,"showMaterialUpdate":false,"showSkybox":true,"showFlares":true,"showImageEffects":true,"showParticleSystems":true},"in2DMode":false,"pivot":{"x":8.483819007873536,"y":-18.553211212158204,"z":15.818929672241211},"rotation":{"x":0.30972692370414736,"y":0.07406511157751084,"z":-0.02420789934694767,"w":0.9476273059844971},"size":64.10276794433594,"orthographic":false}