{"cameraMode":{"drawMode":0,"name":"Shaded","section":"Shading Mode"},"sceneLighting":false,"audioPlay":false,"sceneViewState":{"showFog":true,"showMaterialUpdate":false,"showSkybox":true,"showFlares":true,"showImageEffects":true,"showParticleSystems":true},"in2DMode":false,"pivot":{"x":-0.0004999637603759766,"y":0.0006499998271465302,"z":0.5080499649047852},"rotation":{"x":0.15026988089084626,"y":-0.6165675520896912,"z":0.1213921308517456,"w":0.7632347345352173},"size":9.385907173156739,"orthographic":true}