{"cameraMode":{"drawMode":0,"name":"Shaded","section":"Shading Mode"},"sceneLighting":true,"audioPlay":false,"sceneViewState":{"showFog":true,"showMaterialUpdate":false,"showSkybox":true,"showFlares":true,"showImageEffects":true,"showParticleSystems":true},"in2DMode":false,"pivot":{"x":-0.0576171875,"y":3.77392578125,"z":-9.064453125},"rotation":{"x":0.2568127512931824,"y":-0.12281918525695801,"z":0.032921113073825839,"w":0.9580599665641785},"size":12.452863693237305,"orthographic":true}