{"cameraMode":{"drawMode":0,"name":"Shaded","section":"Shading Mode"},"sceneLighting":true,"audioPlay":false,"sceneViewState":{"showFog":true,"showMaterialUpdate":false,"showSkybox":true,"showFlares":true,"showImageEffects":true,"showParticleSystems":true},"in2DMode":false,"pivot":{"x":5.649999618530273,"y":4.659999847412109,"z":-10.270000457763672},"rotation":{"x":0.13557906448841096,"y":0.8377909064292908,"z":-0.24136413633823396,"w":0.470603883266449},"size":60.01556396484375,"orthographic":true}